potential_location_id,city,predicted_monthly_profit,population_density,median_household_income,number_of_competitors_1km,traffic_count_nearby,walkability_score
POT_LOC_022,Berlin,6937.125623366155,4612.7490169658,52637.32271515267,4,3425,0.929757736786829
POT_LOC_036,Düsseldorf,6576.93689485365,8356.139259262818,60465.594285346015,2,1633,0.8293284899187768
POT_LOC_002,Leipzig,6060.341352211633,5884.37424255488,49234.83470727139,2,2503,0.8133712725789195
POT_LOC_058,Berlin,5852.959194771792,4812.351466849625,48844.61557551153,5,2339,0.7918080812425977
POT_LOC_079,Hamburg,5691.418464057897,7141.52486428315,48266.696873762565,3,749,0.5823574451938802
